<?xml version="1.0" encoding="UTF-8"?>
<config xmlns="http://www.knime.org/2008/09/XMLConfig" xmlns:xsi="http://www.w3.org/2001/XMLSchema-instance" xsi:schemaLocation="http://www.knime.org/2008/09/XMLConfig http://www.knime.org/XMLConfig_2008_09.xsd" key="model.xml">
    <entry key="version" type="xint" value="1"/>
    <entry key="class_name" type="xstring" value="org.knime.base.data.normalize.NormalizerPortObject"/>
    <config key="model">
        <config key="columns">
            <config key="longitude">
                <entry key="column_name" type="xstring" value="longitude"/>
                <entry key="column_scale" type="xdouble" value="0.4995022654963181"/>
                <entry key="column_translate" type="xdouble" value="59.730796424560744"/>
                <entry key="column_min" type="xdouble" value="NaN"/>
                <entry key="column_max" type="xdouble" value="NaN"/>
            </config>
            <config key="latitude">
                <entry key="column_name" type="xstring" value="latitude"/>
                <entry key="column_scale" type="xdouble" value="0.46812666319638824"/>
                <entry key="column_translate" type="xdouble" value="-16.68612372248442"/>
                <entry key="column_min" type="xdouble" value="NaN"/>
                <entry key="column_max" type="xdouble" value="NaN"/>
            </config>
            <config key="housing_median_age">
                <entry key="column_name" type="xstring" value="housing_median_age"/>
                <entry key="column_scale" type="xdouble" value="0.0792608727296017"/>
                <entry key="column_translate" type="xdouble" value="-2.2671768131083776"/>
                <entry key="column_min" type="xdouble" value="NaN"/>
                <entry key="column_max" type="xdouble" value="NaN"/>
            </config>
            <config key="total_rooms">
                <entry key="column_name" type="xstring" value="total_rooms"/>
                <entry key="column_scale" type="xdouble" value="4.5968451769771464E-4"/>
                <entry key="column_translate" type="xdouble" value="-1.2095058284846005"/>
                <entry key="column_min" type="xdouble" value="NaN"/>
                <entry key="column_max" type="xdouble" value="NaN"/>
            </config>
            <config key="total_bedrooms">
                <entry key="column_name" type="xstring" value="total_bedrooms"/>
                <entry key="column_scale" type="xdouble" value="0.002383192738539177"/>
                <entry key="column_translate" type="xdouble" value="-1.2782259737731116"/>
                <entry key="column_min" type="xdouble" value="NaN"/>
                <entry key="column_max" type="xdouble" value="NaN"/>
            </config>
            <config key="population">
                <entry key="column_name" type="xstring" value="population"/>
                <entry key="column_scale" type="xdouble" value="8.833972823138105E-4"/>
                <entry key="column_translate" type="xdouble" value="-1.2601215504535226"/>
                <entry key="column_min" type="xdouble" value="NaN"/>
                <entry key="column_max" type="xdouble" value="NaN"/>
            </config>
            <config key="households">
                <entry key="column_name" type="xstring" value="households"/>
                <entry key="column_scale" type="xdouble" value="0.0026068798338975464"/>
                <entry key="column_translate" type="xdouble" value="-1.3022975124866858"/>
                <entry key="column_min" type="xdouble" value="NaN"/>
                <entry key="column_max" type="xdouble" value="NaN"/>
            </config>
            <config key="median_income">
                <entry key="column_name" type="xstring" value="median_income"/>
                <entry key="column_scale" type="xdouble" value="0.5252722228090563"/>
                <entry key="column_translate" type="xdouble" value="-2.0326237543200043"/>
                <entry key="column_min" type="xdouble" value="NaN"/>
                <entry key="column_max" type="xdouble" value="NaN"/>
            </config>
            <config key="NEAR BAY">
                <entry key="column_name" type="xstring" value="NEAR BAY"/>
                <entry key="column_scale" type="xdouble" value="3.192316013172064"/>
                <entry key="column_translate" type="xdouble" value="-0.3520595603189396"/>
                <entry key="column_min" type="xdouble" value="NaN"/>
                <entry key="column_max" type="xdouble" value="NaN"/>
            </config>
            <config key="&lt;1H OCEAN">
                <entry key="column_name" type="xstring" value="&lt;1H OCEAN"/>
                <entry key="column_scale" type="xdouble" value="2.0143861080886234"/>
                <entry key="column_translate" type="xdouble" value="-0.8867837100106676"/>
                <entry key="column_min" type="xdouble" value="NaN"/>
                <entry key="column_max" type="xdouble" value="NaN"/>
            </config>
            <config key="INLAND">
                <entry key="column_name" type="xstring" value="INLAND"/>
                <entry key="column_scale" type="xdouble" value="2.143972602670164"/>
                <entry key="column_translate" type="xdouble" value="-0.6857024778767662"/>
                <entry key="column_min" type="xdouble" value="NaN"/>
                <entry key="column_max" type="xdouble" value="NaN"/>
            </config>
            <config key="NEAR OCEAN">
                <entry key="column_name" type="xstring" value="NEAR OCEAN"/>
                <entry key="column_scale" type="xdouble" value="2.979067481468704"/>
                <entry key="column_translate" type="xdouble" value="-0.38555397334657476"/>
                <entry key="column_min" type="xdouble" value="NaN"/>
                <entry key="column_max" type="xdouble" value="NaN"/>
            </config>
            <config key="ISLAND">
                <entry key="column_name" type="xstring" value="ISLAND"/>
                <entry key="column_scale" type="xdouble" value="64.25535138593568"/>
                <entry key="column_translate" type="xdouble" value="-0.015565734347368078"/>
                <entry key="column_min" type="xdouble" value="NaN"/>
                <entry key="column_max" type="xdouble" value="NaN"/>
            </config>
            <config key="rooms_per_household">
                <entry key="column_name" type="xstring" value="rooms_per_household"/>
                <entry key="column_scale" type="xdouble" value="0.39068780724651286"/>
                <entry key="column_translate" type="xdouble" value="-2.1193623222384015"/>
                <entry key="column_min" type="xdouble" value="NaN"/>
                <entry key="column_max" type="xdouble" value="NaN"/>
            </config>
            <config key="bedrooms_per_room">
                <entry key="column_name" type="xstring" value="bedrooms_per_room"/>
                <entry key="column_scale" type="xdouble" value="15.368453418783643"/>
                <entry key="column_translate" type="xdouble" value="-3.2845232015145744"/>
                <entry key="column_min" type="xdouble" value="NaN"/>
                <entry key="column_max" type="xdouble" value="NaN"/>
            </config>
            <config key="population_per_household">
                <entry key="column_name" type="xstring" value="population_per_household"/>
                <entry key="column_scale" type="xdouble" value="0.08629995373006866"/>
                <entry key="column_translate" type="xdouble" value="-0.26789747017840476"/>
                <entry key="column_min" type="xdouble" value="NaN"/>
                <entry key="column_max" type="xdouble" value="NaN"/>
            </config>
        </config>
        <entry key="summary" type="xstring" value="Z-Score (Gaussian) normalization on 16 column(s)"/>
    </config>
</config>
