<?xml version="1.0" encoding="UTF-8"?>
<config xmlns="http://www.knime.org/2008/09/XMLConfig" xmlns:xsi="http://www.w3.org/2001/XMLSchema-instance" xsi:schemaLocation="http://www.knime.org/2008/09/XMLConfig http://www.knime.org/XMLConfig_2008_09.xsd" key="model.xml">
    <entry key="version" type="xint" value="1"/>
    <entry key="class_name" type="xstring" value="org.knime.base.algorithms.outlier.NumericOutliersPortObjectSpec"/>
    <config key="model">
        <config key="group-col-types">
            <entry key="array-size" type="xint" value="0"/>
        </config>
        <config key="groups">
            <entry key="array-size" type="xint" value="0"/>
        </config>
        <config key="outliers">
            <entry key="array-size" type="xint" value="9"/>
            <entry key="0" type="xstring" value="longitude"/>
            <entry key="1" type="xstring" value="latitude"/>
            <entry key="2" type="xstring" value="housing_median_age"/>
            <entry key="3" type="xstring" value="total_rooms"/>
            <entry key="4" type="xstring" value="total_bedrooms"/>
            <entry key="5" type="xstring" value="population"/>
            <entry key="6" type="xstring" value="households"/>
            <entry key="7" type="xstring" value="median_income"/>
            <entry key="8" type="xstring" value="median_house_value"/>
        </config>
    </config>
</config>
