<?xml version="1.0" encoding="UTF-8"?>
<config xmlns="http://www.knime.org/2008/09/XMLConfig" xmlns:xsi="http://www.w3.org/2001/XMLSchema-instance" xsi:schemaLocation="http://www.knime.org/2008/09/XMLConfig http://www.knime.org/XMLConfig_2008_09.xsd" key="model.xml">
    <entry key="version" type="xint" value="1"/>
    <entry key="class_name" type="xstring" value="org.knime.base.data.normalize.NormalizerPortObject"/>
    <config key="model">
        <config key="columns">
            <config key="longitude">
                <entry key="column_name" type="xstring" value="longitude"/>
                <entry key="column_scale" type="xdouble" value="0.4976798327187747"/>
                <entry key="column_translate" type="xdouble" value="59.485677515428776"/>
                <entry key="column_min" type="xdouble" value="NaN"/>
                <entry key="column_max" type="xdouble" value="NaN"/>
            </config>
            <config key="latitude">
                <entry key="column_name" type="xstring" value="latitude"/>
                <entry key="column_scale" type="xdouble" value="0.4684761278481945"/>
                <entry key="column_translate" type="xdouble" value="-16.669061553443147"/>
                <entry key="column_min" type="xdouble" value="NaN"/>
                <entry key="column_max" type="xdouble" value="NaN"/>
            </config>
            <config key="housing_median_age">
                <entry key="column_name" type="xstring" value="housing_median_age"/>
                <entry key="column_scale" type="xdouble" value="0.08024870918649687"/>
                <entry key="column_translate" type="xdouble" value="-2.309677601368137"/>
                <entry key="column_min" type="xdouble" value="NaN"/>
                <entry key="column_max" type="xdouble" value="NaN"/>
            </config>
            <config key="total_rooms">
                <entry key="column_name" type="xstring" value="total_rooms"/>
                <entry key="column_scale" type="xdouble" value="4.5321641814606903E-4"/>
                <entry key="column_translate" type="xdouble" value="-1.2029067496618078"/>
                <entry key="column_min" type="xdouble" value="NaN"/>
                <entry key="column_max" type="xdouble" value="NaN"/>
            </config>
            <config key="total_bedrooms">
                <entry key="column_name" type="xstring" value="total_bedrooms"/>
                <entry key="column_scale" type="xdouble" value="0.0023890101280106373"/>
                <entry key="column_translate" type="xdouble" value="-1.2871775910882535"/>
                <entry key="column_min" type="xdouble" value="NaN"/>
                <entry key="column_max" type="xdouble" value="NaN"/>
            </config>
            <config key="population">
                <entry key="column_name" type="xstring" value="population"/>
                <entry key="column_scale" type="xdouble" value="8.814738880209569E-4"/>
                <entry key="column_translate" type="xdouble" value="-1.25309093686788"/>
                <entry key="column_min" type="xdouble" value="NaN"/>
                <entry key="column_max" type="xdouble" value="NaN"/>
            </config>
            <config key="households">
                <entry key="column_name" type="xstring" value="households"/>
                <entry key="column_scale" type="xdouble" value="0.0026507579515657157"/>
                <entry key="column_translate" type="xdouble" value="-1.3239245264707682"/>
                <entry key="column_min" type="xdouble" value="NaN"/>
                <entry key="column_max" type="xdouble" value="NaN"/>
            </config>
            <config key="median_income">
                <entry key="column_name" type="xstring" value="median_income"/>
                <entry key="column_scale" type="xdouble" value="0.5307432069916037"/>
                <entry key="column_translate" type="xdouble" value="-2.0564833427101283"/>
                <entry key="column_min" type="xdouble" value="NaN"/>
                <entry key="column_max" type="xdouble" value="NaN"/>
            </config>
            <config key="NEAR BAY">
                <entry key="column_name" type="xstring" value="NEAR BAY"/>
                <entry key="column_scale" type="xdouble" value="3.1507899580295264"/>
                <entry key="column_translate" type="xdouble" value="-0.35797492497961453"/>
                <entry key="column_min" type="xdouble" value="NaN"/>
                <entry key="column_max" type="xdouble" value="NaN"/>
            </config>
            <config key="&lt;1H OCEAN">
                <entry key="column_name" type="xstring" value="&lt;1H OCEAN"/>
                <entry key="column_scale" type="xdouble" value="2.0089292336475144"/>
                <entry key="column_translate" type="xdouble" value="-0.9085927517490079"/>
                <entry key="column_min" type="xdouble" value="NaN"/>
                <entry key="column_max" type="xdouble" value="NaN"/>
            </config>
            <config key="INLAND">
                <entry key="column_name" type="xstring" value="INLAND"/>
                <entry key="column_scale" type="xdouble" value="2.166477116005177"/>
                <entry key="column_translate" type="xdouble" value="-0.6665276010965512"/>
                <entry key="column_min" type="xdouble" value="NaN"/>
                <entry key="column_max" type="xdouble" value="NaN"/>
            </config>
            <config key="NEAR OCEAN">
                <entry key="column_name" type="xstring" value="NEAR OCEAN"/>
                <entry key="column_scale" type="xdouble" value="3.0108917794656027"/>
                <entry key="column_translate" type="xdouble" value="-0.3800083859257707"/>
                <entry key="column_min" type="xdouble" value="NaN"/>
                <entry key="column_max" type="xdouble" value="NaN"/>
            </config>
            <config key="ISLAND">
                <entry key="column_name" type="xstring" value="ISLAND"/>
                <entry key="column_scale" type="xdouble" value="64.24951361683604"/>
                <entry key="column_translate" type="xdouble" value="-0.015564320159117255"/>
                <entry key="column_min" type="xdouble" value="NaN"/>
                <entry key="column_max" type="xdouble" value="NaN"/>
            </config>
            <config key="rooms_per_household">
                <entry key="column_name" type="xstring" value="rooms_per_household"/>
                <entry key="column_scale" type="xdouble" value="0.47659637602916594"/>
                <entry key="column_translate" type="xdouble" value="-2.5956474775462977"/>
                <entry key="column_min" type="xdouble" value="NaN"/>
                <entry key="column_max" type="xdouble" value="NaN"/>
            </config>
            <config key="bedrooms_per_room">
                <entry key="column_name" type="xstring" value="bedrooms_per_room"/>
                <entry key="column_scale" type="xdouble" value="15.159596872708251"/>
                <entry key="column_translate" type="xdouble" value="-3.2456424047593835"/>
                <entry key="column_min" type="xdouble" value="NaN"/>
                <entry key="column_max" type="xdouble" value="NaN"/>
            </config>
            <config key="population_per_household">
                <entry key="column_name" type="xstring" value="population_per_household"/>
                <entry key="column_scale" type="xdouble" value="0.6659824602033118"/>
                <entry key="column_translate" type="xdouble" value="-1.955482286576562"/>
                <entry key="column_min" type="xdouble" value="NaN"/>
                <entry key="column_max" type="xdouble" value="NaN"/>
            </config>
        </config>
        <entry key="summary" type="xstring" value="Z-Score (Gaussian) normalization on 16 column(s)"/>
    </config>
</config>
